                  epoch,         train/box_loss,         train/cls_loss,         train/dfl_loss,   metrics/precision(B),      metrics/recall(B),       metrics/mAP50(B),    metrics/mAP50-95(B),           val/box_loss,           val/cls_loss,           val/dfl_loss,                 lr/pg0,                 lr/pg1,                 lr/pg2
                      1,                 1.0248,                 3.5947,                 1.0144,                0.00553,                0.70175,                0.49012,                0.39717,                0.78456,                 3.4324,                0.83874,              8.574e-05,              8.574e-05,              8.574e-05
                      2,                 1.0811,                 3.2483,                 1.0408,                0.00777,                0.77193,                0.53191,                 0.4209,                0.77521,                 3.3599,                0.83321,             0.00018516,             0.00018516,             0.00018516
                      3,                 1.1713,                   2.73,                 1.0883,                0.00762,                0.77193,                0.52701,                0.40872,                0.80385,                 3.3444,                 0.8379,             0.00028391,             0.00028391,             0.00028391
                      4,                 1.1849,                 2.5422,                 1.1876,                0.00759,                0.78947,                0.51122,                0.39627,                0.84821,                 3.2961,                0.86042,             0.00038201,             0.00038201,             0.00038201
                      5,                 1.2122,                 2.1658,                 1.0964,                      1,                0.18955,                0.64742,                0.46507,                0.99569,                 2.9895,                0.90815,             0.00047945,             0.00047945,             0.00047945
                      6,                 1.0667,                 2.2206,                 1.1559,                0.89714,                   0.25,                0.67018,                0.49372,                0.98061,                 2.8205,                0.90312,             0.00057622,             0.00057622,             0.00057622
                      7,                 1.0937,                 2.1451,                 1.0439,                0.89714,                   0.25,                0.67018,                0.49372,                0.98061,                 2.8205,                0.90312,             0.00067234,             0.00067234,             0.00067234
                      8,                 1.0125,                 1.8582,                 1.0826,                0.85984,                 0.3287,                0.64453,                 0.4775,                0.96621,                 2.6754,                0.89252,             0.00076779,             0.00076779,             0.00076779
                      9,                  1.086,                 1.8761,                 0.9849,                0.89894,                 0.3287,                 0.5742,                0.44928,                0.98985,                 2.6729,                0.89781,             0.00086259,             0.00086259,             0.00086259
                     10,                 1.0902,                 2.0063,                 1.0651,                0.89894,                 0.3287,                 0.5742,                0.44928,                0.98985,                 2.6729,                0.89781,             0.00095673,             0.00095673,             0.00095673
                     11,                0.98229,                 1.9251,                0.99309,                0.37719,                0.38928,                0.49926,                0.35948,                 1.0449,                 2.5737,                0.96026,              0.0010502,              0.0010502,              0.0010502
                     12,                0.99813,                 2.1785,                 1.0051,                0.37719,                0.38928,                0.49926,                0.35948,                 1.0449,                 2.5737,                0.96026,               0.001143,               0.001143,               0.001143
                     13,                 1.1327,                 2.1747,                  1.156,                0.32844,                0.49245,                0.51748,                0.30026,                 1.2102,                 2.4398,                 1.0968,              0.0012352,              0.0012352,              0.0012352
                     14,                 1.2779,                 2.1962,                 1.1147,                0.32844,                0.49245,                0.51748,                0.30026,                 1.2102,                 2.4398,                 1.0968,              0.0013267,              0.0013267,              0.0013267
                     15,                 1.1293,                 1.9214,                 1.0784,                0.56694,                0.73514,                0.69798,                0.43232,                 1.2009,                 1.9871,                 1.1227,               0.001363,               0.001363,               0.001363
                     16,                 1.0766,                 1.7653,                 1.0519,                0.56694,                0.73514,                0.69798,                0.43232,                 1.2009,                 1.9871,                 1.1227,               0.001363,               0.001363,               0.001363
                     17,                 1.1917,                 1.8512,                 1.1753,                0.72332,                0.64433,                0.71525,                0.41156,                 1.2447,                  1.861,                 1.2478,              0.0013583,              0.0013583,              0.0013583
                     18,                 1.1319,                 1.7586,                  1.138,                0.72332,                0.64433,                0.71525,                0.41156,                 1.2447,                  1.861,                 1.2478,              0.0013535,              0.0013535,              0.0013535
                     19,                 1.2273,                 1.9416,                 1.2412,                0.72332,                0.64433,                0.71525,                0.41156,                 1.2447,                  1.861,                 1.2478,              0.0013488,              0.0013488,              0.0013488
                     20,                 1.2109,                 1.8303,                 1.1727,                0.86021,                0.51834,                0.67445,                0.42994,                 1.2236,                 2.2588,                 1.1878,              0.0013441,              0.0013441,              0.0013441
                     21,                 1.2788,                 1.8943,                 1.1924,                0.86021,                0.51834,                0.67445,                0.42994,                 1.2236,                 2.2588,                 1.1878,              0.0013394,              0.0013394,              0.0013394
                     22,                 1.2072,                 1.9847,                 1.2562,                0.97226,                0.52991,                0.69977,                0.44251,                 1.2106,                 2.1908,                 1.1816,              0.0013347,              0.0013347,              0.0013347
                     23,                 1.2087,                 1.8321,                  1.164,                0.97226,                0.52991,                0.69977,                0.44251,                 1.2106,                 2.1908,                 1.1816,                0.00133,                0.00133,                0.00133
                     24,                 1.2916,                 1.9626,                 1.2065,                0.86325,                0.55866,                0.68185,                0.42725,                 1.2918,                 1.9938,                 1.2009,              0.0013253,              0.0013253,              0.0013253
                     25,                 1.1947,                 1.9419,                 1.1627,                0.86325,                0.55866,                0.68185,                0.42725,                 1.2918,                 1.9938,                 1.2009,              0.0013205,              0.0013205,              0.0013205
                     26,                 1.1936,                 1.8493,                 1.1807,                0.55654,                0.76161,                0.66061,                0.39582,                 1.3758,                 2.0219,                 1.2817,              0.0013158,              0.0013158,              0.0013158
                     27,                 1.1305,                 1.8631,                 1.1177,                0.55654,                0.76161,                0.66061,                0.39582,                 1.3758,                 2.0219,                 1.2817,              0.0013111,              0.0013111,              0.0013111
                     28,                 1.1363,                 1.8246,                 1.1276,                0.55654,                0.76161,                0.66061,                0.39582,                 1.3758,                 2.0219,                 1.2817,              0.0013064,              0.0013064,              0.0013064
                     29,                 1.2434,                 1.9403,                 1.2788,                0.57033,                0.72515,                 0.6984,                  0.423,                 1.3568,                 1.8762,                 1.2774,              0.0013017,              0.0013017,              0.0013017
                     30,                 1.2573,                 2.4614,                    1.3,                0.57033,                0.72515,                 0.6984,                  0.423,                 1.3568,                 1.8762,                 1.2774,               0.001297,               0.001297,               0.001297
                     31,                 1.2023,                 2.0143,                 1.1829,                0.68044,                0.66598,                0.71006,                0.48836,                 1.2163,                 1.8232,                 1.2205,              0.0012922,              0.0012922,              0.0012922
                     32,                 1.1996,                 1.7333,                 1.2024,                0.68044,                0.66598,                0.71006,                0.48836,                 1.2163,                 1.8232,                 1.2205,              0.0012875,              0.0012875,              0.0012875
                     33,                  1.184,                 1.7233,                  1.233,                0.66457,                0.76375,                0.71344,                0.51548,                 1.1476,                 1.6379,                 1.1881,              0.0012828,              0.0012828,              0.0012828
                     34,                 1.0681,                 2.0482,                 1.1136,                0.66457,                0.76375,                0.71344,                0.51548,                 1.1476,                 1.6379,                 1.1881,              0.0012781,              0.0012781,              0.0012781
                     35,                 1.1789,                 1.6902,                 1.2091,                0.66457,                0.76375,                0.71344,                0.51548,                 1.1476,                 1.6379,                 1.1881,              0.0012734,              0.0012734,              0.0012734
                     36,                 1.2176,                 1.5606,                 1.1511,                0.67294,                0.70687,                0.75349,                0.51444,                 1.1807,                 1.6854,                 1.1557,              0.0012687,              0.0012687,              0.0012687
                     37,                 1.2914,                 1.6899,                 1.2382,                0.67294,                0.70687,                0.75349,                0.51444,                 1.1807,                 1.6854,                 1.1557,               0.001264,               0.001264,               0.001264
                     38,                 1.2697,                 1.8502,                 1.1971,                0.85956,                0.69765,                0.77383,                0.49541,                 1.1428,                 1.9138,                 1.1427,              0.0012592,              0.0012592,              0.0012592
                     39,                 1.1664,                 1.7169,                 1.1785,                0.85956,                0.69765,                0.77383,                0.49541,                 1.1428,                 1.9138,                 1.1427,              0.0012545,              0.0012545,              0.0012545
                     40,                 1.1804,                 1.6835,                 1.1841,                 0.6841,                0.68826,                0.78972,                0.51617,                 1.1091,                 1.9175,                 1.1504,              0.0012498,              0.0012498,              0.0012498
                     41,                  1.164,                 1.8884,                 1.2055,                 0.6841,                0.68826,                0.78972,                0.51617,                 1.1091,                 1.9175,                 1.1504,              0.0012451,              0.0012451,              0.0012451
                     42,                 1.0679,                 1.6249,                 1.1165,                0.78829,                0.71415,                0.75884,                0.51895,                 1.1805,                 1.6868,                 1.1639,              0.0012404,              0.0012404,              0.0012404
                     43,                 1.1186,                 1.6386,                 1.2272,                0.78829,                0.71415,                0.75884,                0.51895,                 1.1805,                 1.6868,                 1.1639,              0.0012357,              0.0012357,              0.0012357
                     44,                 1.0682,                  1.582,                 1.1197,                0.78829,                0.71415,                0.75884,                0.51895,                 1.1805,                 1.6868,                 1.1639,              0.0012309,              0.0012309,              0.0012309
                     45,                 1.2332,                 1.7469,                 1.3862,                0.71172,                0.62037,                0.75979,                0.53502,                  1.198,                 1.5659,                 1.1518,              0.0012262,              0.0012262,              0.0012262
                     46,                 1.1392,                  1.687,                 1.2744,                0.71172,                0.62037,                0.75979,                0.53502,                  1.198,                 1.5659,                 1.1518,              0.0012215,              0.0012215,              0.0012215
                     47,                 1.0787,                 1.6476,                 1.1586,                 0.7787,                0.73611,                0.76504,                0.53895,                  1.144,                 1.5871,                 1.1339,              0.0012168,              0.0012168,              0.0012168
                     48,                 1.0692,                 1.5218,                 1.1603,                 0.7787,                0.73611,                0.76504,                0.53895,                  1.144,                 1.5871,                 1.1339,              0.0012121,              0.0012121,              0.0012121
                     49,                 1.1021,                 1.5759,                 1.1318,                0.64293,                0.73148,                0.73354,                0.53763,                  1.104,                 1.6726,                 1.1281,              0.0012074,              0.0012074,              0.0012074
                     50,                 1.1595,                 1.8063,                 1.1891,                0.64293,                0.73148,                0.73354,                0.53763,                  1.104,                 1.6726,                 1.1281,              0.0012026,              0.0012026,              0.0012026
                     51,                 1.0475,                 1.3176,                  1.076,                0.64293,                0.73148,                0.73354,                0.53763,                  1.104,                 1.6726,                 1.1281,              0.0011979,              0.0011979,              0.0011979
                     52,                 1.0745,                 1.5969,                 1.1382,                0.83221,                0.77042,                0.81211,                  0.566,                  1.092,                  1.699,                 1.1137,              0.0011932,              0.0011932,              0.0011932
                     53,                0.98083,                 1.3527,                 1.0983,                0.83221,                0.77042,                0.81211,                  0.566,                  1.092,                  1.699,                 1.1137,              0.0011885,              0.0011885,              0.0011885
                     54,                 1.0067,                 1.3244,                 1.0123,                0.88852,                0.81481,                0.83882,                0.59775,                  1.065,                 1.7065,                 1.0811,              0.0011838,              0.0011838,              0.0011838
                     55,                 1.1266,                 1.4369,                 1.1349,                0.88852,                0.81481,                0.83882,                0.59775,                  1.065,                 1.7065,                 1.0811,              0.0011791,              0.0011791,              0.0011791
                     56,                 1.0683,                 1.4425,                 1.1319,                0.86598,                 0.8078,                0.83959,                0.60663,                 1.0791,                 1.5842,                 1.0945,              0.0011744,              0.0011744,              0.0011744
                     57,                 1.0692,                 1.5207,                 1.1666,                0.86598,                 0.8078,                0.83959,                0.60663,                 1.0791,                 1.5842,                 1.0945,              0.0011696,              0.0011696,              0.0011696
                     58,                 1.0895,                  1.308,                  1.142,                0.71762,                0.83909,                0.79429,                 0.5666,                 1.1275,                 1.5817,                 1.1045,              0.0011649,              0.0011649,              0.0011649
                     59,                 1.0824,                 1.5878,                 1.1626,                0.71762,                0.83909,                0.79429,                 0.5666,                 1.1275,                 1.5817,                 1.1045,              0.0011602,              0.0011602,              0.0011602
                     60,                 1.0482,                 1.4848,                 1.1395,                0.71762,                0.83909,                0.79429,                 0.5666,                 1.1275,                 1.5817,                 1.1045,              0.0011555,              0.0011555,              0.0011555
                     61,                  1.009,                 1.3885,                 1.0529,                0.75025,                0.76637,                0.80131,                0.59617,                 1.1425,                 1.5412,                 1.1341,              0.0011508,              0.0011508,              0.0011508
                     62,                 1.0333,                 1.3581,                 1.1325,                0.75025,                0.76637,                0.80131,                0.59617,                 1.1425,                 1.5412,                 1.1341,              0.0011461,              0.0011461,              0.0011461
                     63,                 1.1839,                 1.4316,                 1.1599,                0.77769,                0.73027,                0.79834,                0.59881,                 1.1246,                 1.4649,                 1.1234,              0.0011413,              0.0011413,              0.0011413
                     64,                0.96074,                 1.5514,                 1.1548,                0.77769,                0.73027,                0.79834,                0.59881,                 1.1246,                 1.4649,                 1.1234,              0.0011366,              0.0011366,              0.0011366
                     65,                0.99421,                 1.3014,                 1.0778,                0.77923,                0.72685,                0.77742,                0.58031,                 1.1027,                  1.355,                 1.1006,              0.0011319,              0.0011319,              0.0011319
                     66,                 1.0177,                 1.3032,                 1.0787,                0.77923,                0.72685,                0.77742,                0.58031,                 1.1027,                  1.355,                 1.1006,              0.0011272,              0.0011272,              0.0011272
                     67,                 0.9966,                 1.4429,                 1.1489,                0.77923,                0.72685,                0.77742,                0.58031,                 1.1027,                  1.355,                 1.1006,              0.0011225,              0.0011225,              0.0011225
                     68,                  1.099,                 1.5431,                  1.197,                0.69473,                0.76749,                0.74592,                0.53605,                 1.0888,                 1.3522,                 1.0824,              0.0011178,              0.0011178,              0.0011178
                     69,                0.98368,                 1.4649,                 1.0873,                0.69473,                0.76749,                0.74592,                0.53605,                 1.0888,                 1.3522,                 1.0824,               0.001113,               0.001113,               0.001113
                     70,                 1.0742,                 1.3842,                 1.1454,                0.77362,                0.68981,                0.75012,                0.51569,                 1.0992,                 1.4445,                 1.0993,              0.0011083,              0.0011083,              0.0011083
                     71,                 1.0502,                  1.768,                 1.1776,                0.77362,                0.68981,                0.75012,                0.51569,                 1.0992,                 1.4445,                 1.0993,              0.0011036,              0.0011036,              0.0011036
                     72,                0.94483,                  1.337,                 1.0524,                0.76497,                0.81431,                0.75247,                 0.5188,                 1.1124,                 1.4032,                 1.1067,              0.0010989,              0.0010989,              0.0010989
                     73,                 1.0768,                 1.3526,                 1.1553,                0.76497,                0.81431,                0.75247,                 0.5188,                 1.1124,                 1.4032,                 1.1067,              0.0010942,              0.0010942,              0.0010942
                     74,                 1.0152,                 1.4703,                 1.0837,                0.66194,                0.81481,                0.75273,                0.54447,                 1.1184,                 1.3729,                 1.1147,              0.0010895,              0.0010895,              0.0010895
                     75,                 1.0609,                 1.3301,                 1.1286,                0.66194,                0.81481,                0.75273,                0.54447,                 1.1184,                 1.3729,                 1.1147,              0.0010848,              0.0010848,              0.0010848
                     76,                0.91603,                 1.3854,                 1.0363,                0.66194,                0.81481,                0.75273,                0.54447,                 1.1184,                 1.3729,                 1.1147,                0.00108,                0.00108,                0.00108
                     77,                 1.0548,                 1.3757,                 1.0922,                0.72924,                0.68981,                0.77054,                0.56134,                 1.1138,                 1.3534,                 1.0971,              0.0010753,              0.0010753,              0.0010753
                     78,                 1.1208,                  1.322,                 1.1264,                0.72924,                0.68981,                0.77054,                0.56134,                 1.1138,                 1.3534,                 1.0971,              0.0010706,              0.0010706,              0.0010706
                     79,                 1.0011,                 1.3951,                 1.1365,                0.78683,                0.71335,                0.77208,                0.56683,                 1.1186,                 1.3485,                 1.0978,              0.0010659,              0.0010659,              0.0010659
                     80,                 1.0579,                   1.35,                 1.0708,                0.78683,                0.71335,                0.77208,                0.56683,                 1.1186,                 1.3485,                 1.0978,              0.0010612,              0.0010612,              0.0010612
                     81,                 1.1077,                 1.3619,                 1.1014,                0.82965,                0.73148,                0.79485,                0.58114,                 1.1467,                  1.333,                 1.1238,              0.0010565,              0.0010565,              0.0010565
                     82,                 1.0084,                 1.3157,                 1.1171,                0.82965,                0.73148,                0.79485,                0.58114,                 1.1467,                  1.333,                 1.1238,              0.0010517,              0.0010517,              0.0010517
                     83,                0.94555,                 1.2262,                  1.036,                0.82965,                0.73148,                0.79485,                0.58114,                 1.1467,                  1.333,                 1.1238,               0.001047,               0.001047,               0.001047
                     84,                 1.0346,                  1.372,                  1.117,                 0.8686,                0.76852,                0.80416,                0.57709,                 1.1408,                 1.4028,                 1.1237,              0.0010423,              0.0010423,              0.0010423
                     85,                 1.0647,                 1.3497,                 1.1779,                 0.8686,                0.76852,                0.80416,                0.57709,                 1.1408,                 1.4028,                 1.1237,              0.0010376,              0.0010376,              0.0010376
                     86,                0.98856,                 1.4148,                 1.1507,                0.77469,                0.78657,                0.79434,                0.55529,                 1.1509,                 1.4439,                 1.1393,              0.0010329,              0.0010329,              0.0010329
                     87,                 1.0864,                 1.4155,                  1.166,                0.77469,                0.78657,                0.79434,                0.55529,                 1.1509,                 1.4439,                 1.1393,              0.0010282,              0.0010282,              0.0010282
                     88,                0.97133,                 1.1379,                 1.0305,                 0.7887,                0.68634,                0.75884,                0.50866,                 1.1268,                 1.4354,                 1.1345,              0.0010234,              0.0010234,              0.0010234
                     89,                0.97677,                 1.3447,                 1.0832,                 0.7887,                0.68634,                0.75884,                0.50866,                 1.1268,                 1.4354,                 1.1345,              0.0010187,              0.0010187,              0.0010187
                     90,                 1.0866,                 1.2323,                 1.1594,                 0.6488,                0.81481,                0.74584,                0.54777,                 1.1146,                 1.4045,                 1.1401,               0.001014,               0.001014,               0.001014
                     91,                 0.9942,                 1.1907,                 1.0575,                 0.6488,                0.81481,                0.74584,                0.54777,                 1.1146,                 1.4045,                 1.1401,              0.0010093,              0.0010093,              0.0010093
                     92,                0.94155,                 1.1978,                 1.0129,                 0.6488,                0.81481,                0.74584,                0.54777,                 1.1146,                 1.4045,                 1.1401,              0.0010046,              0.0010046,              0.0010046
                     93,                 1.0482,                 1.1869,                   1.09,                0.85831,                 0.6985,                0.74448,                0.53271,                  1.102,                 1.3594,                 1.1173,             0.00099987,             0.00099987,             0.00099987
                     94,                0.96784,                 1.1276,                 1.0362,                0.85831,                 0.6985,                0.74448,                0.53271,                  1.102,                 1.3594,                 1.1173,             0.00099516,             0.00099516,             0.00099516
                     95,                0.93001,                 1.1533,                 1.0898,                0.72889,                0.73111,                0.72788,                0.50709,                   1.14,                 1.3631,                 1.1286,             0.00099044,             0.00099044,             0.00099044
                     96,                 1.1225,                 1.3049,                 1.1324,                0.72889,                0.73111,                0.72788,                0.50709,                   1.14,                 1.3631,                 1.1286,             0.00098572,             0.00098572,             0.00098572
                     97,                0.99962,                 1.0892,                  1.039,                0.86848,                0.66204,                0.72513,                0.49796,                 1.1666,                 1.4107,                 1.1506,             0.00098101,             0.00098101,             0.00098101
                     98,                 1.0339,                 1.3061,                 1.1406,                0.86848,                0.66204,                0.72513,                0.49796,                 1.1666,                 1.4107,                 1.1506,             0.00097629,             0.00097629,             0.00097629
                     99,                  1.066,                  1.257,                 1.1672,                0.86848,                0.66204,                0.72513,                0.49796,                 1.1666,                 1.4107,                 1.1506,             0.00097158,             0.00097158,             0.00097158
                    100,                 1.0192,                 1.3158,                  1.118,                0.87558,                0.66204,                0.72405,                0.48899,                 1.1738,                 1.4857,                 1.1586,             0.00096686,             0.00096686,             0.00096686
                    101,                 1.0212,                 1.3473,                 1.1238,                0.87558,                0.66204,                0.72405,                0.48899,                 1.1738,                 1.4857,                 1.1586,             0.00096215,             0.00096215,             0.00096215
                    102,                 1.0355,                 1.2486,                 1.1006,                0.73083,                0.81481,                 0.7864,                0.50319,                 1.1719,                 1.4666,                 1.1516,             0.00095743,             0.00095743,             0.00095743
                    103,                 1.0113,                  1.219,                 1.1128,                0.73083,                0.81481,                 0.7864,                0.50319,                 1.1719,                 1.4666,                 1.1516,             0.00095271,             0.00095271,             0.00095271
                    104,                 1.0471,                 1.2268,                 1.0772,                0.78914,                0.77315,                0.79748,                0.52285,                 1.1651,                 1.3421,                  1.136,               0.000948,               0.000948,               0.000948
                    105,                 1.0773,                 1.1984,                 1.1287,                0.78914,                0.77315,                0.79748,                0.52285,                 1.1651,                 1.3421,                  1.136,             0.00094328,             0.00094328,             0.00094328
                    106,                0.96014,                 1.1759,                 1.0678,                0.89719,                0.73148,                 0.8017,                0.56793,                 1.1393,                 1.2531,                 1.1134,             0.00093857,             0.00093857,             0.00093857
                    107,                0.97481,                 1.1347,                 1.1033,                0.89719,                0.73148,                 0.8017,                0.56793,                 1.1393,                 1.2531,                 1.1134,             0.00093385,             0.00093385,             0.00093385
                    108,                 1.0197,                 1.5657,                  1.212,                0.89719,                0.73148,                 0.8017,                0.56793,                 1.1393,                 1.2531,                 1.1134,             0.00092914,             0.00092914,             0.00092914
                    109,                0.86273,                 1.1367,                 1.0793,                0.79668,                0.73148,                 0.7999,                0.56304,                 1.1194,                  1.258,                 1.1043,             0.00092442,             0.00092442,             0.00092442
                    110,                0.98981,                 1.1807,                 1.1279,                0.79668,                0.73148,                 0.7999,                0.56304,                 1.1194,                  1.258,                 1.1043,              0.0009197,              0.0009197,              0.0009197
                    111,                0.92087,                 1.1545,                 1.0905,                0.75935,                0.77043,                0.78485,                0.57285,                 1.1139,                  1.249,                 1.0969,             0.00091499,             0.00091499,             0.00091499
                    112,                 1.0354,                 1.3027,                 1.1445,                0.75935,                0.77043,                0.78485,                0.57285,                 1.1139,                  1.249,                 1.0969,             0.00091027,             0.00091027,             0.00091027
                    113,                  1.001,                 1.1497,                 1.0549,                0.69406,                0.77315,                0.79216,                0.58727,                  1.105,                 1.2706,                 1.0879,             0.00090556,             0.00090556,             0.00090556
                    114,                0.86421,                 1.0849,                 1.0342,                0.69406,                0.77315,                0.79216,                0.58727,                  1.105,                 1.2706,                 1.0879,             0.00090084,             0.00090084,             0.00090084
                    115,                 1.0618,                 1.2555,                 1.1355,                0.69406,                0.77315,                0.79216,                0.58727,                  1.105,                 1.2706,                 1.0879,             0.00089613,             0.00089613,             0.00089613
                    116,                0.98941,                 1.5061,                  1.072,                0.78993,                0.77899,                 0.8248,                0.61388,                 1.1066,                 1.2474,                 1.0871,             0.00089141,             0.00089141,             0.00089141
                    117,                0.97302,                 1.2009,                  1.074,                0.78993,                0.77899,                 0.8248,                0.61388,                 1.1066,                 1.2474,                 1.0871,             0.00088669,             0.00088669,             0.00088669
                    118,                0.93345,                 1.0688,                 1.0256,                0.79422,                0.77315,                0.83179,                0.61612,                 1.1086,                 1.2578,                 1.0903,             0.00088198,             0.00088198,             0.00088198
                    119,                0.95279,                 1.0286,                 1.0299,                0.79422,                0.77315,                0.83179,                0.61612,                 1.1086,                 1.2578,                 1.0903,             0.00087726,             0.00087726,             0.00087726
                    120,                0.94234,                 1.1814,                 1.0941,                0.84618,                0.79285,                0.85171,                0.60162,                 1.1257,                 1.2114,                 1.0953,             0.00087255,             0.00087255,             0.00087255
                    121,                 0.9539,                 1.2033,                 1.0589,                0.84618,                0.79285,                0.85171,                0.60162,                 1.1257,                 1.2114,                 1.0953,             0.00086783,             0.00086783,             0.00086783
                    122,                 1.0349,                  1.215,                 1.1212,                0.89838,                0.76723,                0.84971,                0.60928,                 1.0982,                 1.1621,                 1.0732,             0.00086312,             0.00086312,             0.00086312
                    123,                0.97619,                 1.3987,                 1.1125,                0.89838,                0.76723,                0.84971,                0.60928,                 1.0982,                 1.1621,                 1.0732,              0.0008584,              0.0008584,              0.0008584
                    124,                0.92242,                 1.1642,                 1.0321,                0.89838,                0.76723,                0.84971,                0.60928,                 1.0982,                 1.1621,                 1.0732,             0.00085368,             0.00085368,             0.00085368
                    125,                0.99581,                 1.1011,                 1.0446,                0.81285,                0.81019,                0.86142,                0.62631,                 1.0618,                 1.1673,                 1.0542,             0.00084897,             0.00084897,             0.00084897
                    126,                0.98941,                 1.2154,                 1.0629,                0.81285,                0.81019,                0.86142,                0.62631,                 1.0618,                 1.1673,                 1.0542,             0.00084425,             0.00084425,             0.00084425
                    127,                0.96284,                 1.2133,                 1.1525,                 0.7622,                0.76195,                0.83886,                0.61378,                 1.0508,                 1.1905,                 1.0384,             0.00083954,             0.00083954,             0.00083954
                    128,                0.98385,                 1.1692,                 1.0714,                 0.7622,                0.76195,                0.83886,                0.61378,                 1.0508,                 1.1905,                 1.0384,             0.00083482,             0.00083482,             0.00083482
                    129,                0.90984,                 1.0617,                 1.0697,                0.88347,                0.71579,                0.81392,                0.61203,                 1.0376,                 1.2038,                 1.0287,             0.00083011,             0.00083011,             0.00083011
                    130,                0.91148,                 1.1483,                 1.1176,                0.88347,                0.71579,                0.81392,                0.61203,                 1.0376,                 1.2038,                 1.0287,             0.00082539,             0.00082539,             0.00082539
                    131,                0.98494,                 1.1063,                   1.06,                0.88347,                0.71579,                0.81392,                0.61203,                 1.0376,                 1.2038,                 1.0287,             0.00082067,             0.00082067,             0.00082067
                    132,                0.91034,                 1.0162,                0.99506,                0.79378,                0.69444,                0.75973,                0.56894,                 1.0596,                 1.2724,                  1.054,             0.00081596,             0.00081596,             0.00081596
                    133,                0.88824,                 1.1094,                 1.0194,                0.79378,                0.69444,                0.75973,                0.56894,                 1.0596,                 1.2724,                  1.054,             0.00081124,             0.00081124,             0.00081124
                    134,                0.88854,                 1.1605,                 1.0446,                0.72805,                0.69444,                0.72352,                  0.524,                  1.089,                 1.3487,                 1.0809,             0.00080653,             0.00080653,             0.00080653
                    135,                0.88312,                 1.0294,                0.98035,                0.72805,                0.69444,                0.72352,                  0.524,                  1.089,                 1.3487,                 1.0809,             0.00080181,             0.00080181,             0.00080181
                    136,                 1.0111,                 1.1481,                 1.0587,                0.78144,                0.69444,                0.72016,                0.51919,                 1.0975,                 1.3759,                 1.0959,              0.0007971,              0.0007971,              0.0007971
                    137,                0.90684,                 1.1718,                 1.0626,                0.78144,                0.69444,                0.72016,                0.51919,                 1.0975,                 1.3759,                 1.0959,             0.00079238,             0.00079238,             0.00079238
                    138,                0.99974,                 1.1558,                 1.1239,                0.74313,                0.73148,                0.74674,                 0.5268,                 1.1041,                 1.3165,                 1.1108,             0.00078766,             0.00078766,             0.00078766
                    139,                0.94111,                 1.1208,                 1.1121,                0.74313,                0.73148,                0.74674,                 0.5268,                 1.1041,                 1.3165,                 1.1108,             0.00078295,             0.00078295,             0.00078295
                    140,                0.94529,                 1.0252,                 1.0766,                0.74313,                0.73148,                0.74674,                 0.5268,                 1.1041,                 1.3165,                 1.1108,             0.00077823,             0.00077823,             0.00077823
                    141,                 1.0012,                 1.0608,                 1.1265,                0.83796,                0.77315,                 0.7756,                0.56272,                 1.0818,                  1.281,                  1.104,             0.00077352,             0.00077352,             0.00077352
                    142,                0.92272,                 1.1222,                 1.1299,                0.83796,                0.77315,                 0.7756,                0.56272,                 1.0818,                  1.281,                  1.104,              0.0007688,              0.0007688,              0.0007688
                    143,                 1.0872,                 1.3915,                 1.2672,                0.80913,                0.80421,                 0.7857,                0.57946,                 1.0751,                 1.2738,                 1.0991,             0.00076409,             0.00076409,             0.00076409
                    144,                0.99243,                  1.126,                 1.1442,                0.80913,                0.80421,                 0.7857,                0.57946,                 1.0751,                 1.2738,                 1.0991,             0.00075937,             0.00075937,             0.00075937
                    145,                0.88488,                  1.187,                 1.0747,                0.85346,                0.84875,                0.82188,                0.59418,                 1.0581,                  1.256,                 1.0852,             0.00075465,             0.00075465,             0.00075465
                    146,                0.92463,                 1.0537,                 1.0499,                0.85346,                0.84875,                0.82188,                0.59418,                 1.0581,                  1.256,                 1.0852,             0.00074994,             0.00074994,             0.00074994
                    147,                0.98544,                 1.0714,                 1.0426,                0.85346,                0.84875,                0.82188,                0.59418,                 1.0581,                  1.256,                 1.0852,             0.00074522,             0.00074522,             0.00074522
                    148,                0.96735,                 1.1208,                 1.0662,                0.84952,                0.88112,                0.86205,                0.63264,                  1.042,                 1.1861,                 1.0652,             0.00074051,             0.00074051,             0.00074051
                    149,                0.91257,                0.96863,                 1.0435,                0.84952,                0.88112,                0.86205,                0.63264,                  1.042,                 1.1861,                 1.0652,             0.00073579,             0.00073579,             0.00073579
                    150,                0.97266,                 1.0916,                 1.0313,                0.89103,                0.81019,                0.85047,                0.63298,                  1.038,                 1.1312,                 1.0658,             0.00073108,             0.00073108,             0.00073108
                    151,                0.93495,                 1.1604,                 1.0922,                0.89103,                0.81019,                0.85047,                0.63298,                  1.038,                 1.1312,                 1.0658,             0.00072636,             0.00072636,             0.00072636
                    152,                 0.9981,                 1.1848,                  1.136,                0.88328,                0.80418,                0.83753,                0.61097,                 1.0328,                 1.1272,                 1.0619,             0.00072164,             0.00072164,             0.00072164
                    153,                0.82227,                 0.8734,                0.96142,                0.88328,                0.80418,                0.83753,                0.61097,                 1.0328,                 1.1272,                 1.0619,             0.00071693,             0.00071693,             0.00071693
                    154,                 1.0102,                 1.2308,                 1.1468,                0.74725,                0.84722,                0.82153,                0.62691,                 1.0479,                 1.1125,                 1.0659,             0.00071221,             0.00071221,             0.00071221
                    155,                0.88208,                 1.0261,                 1.0831,                0.74725,                0.84722,                0.82153,                0.62691,                 1.0479,                 1.1125,                 1.0659,              0.0007075,              0.0007075,              0.0007075
                    156,                0.85207,                0.95413,                0.99691,                0.74725,                0.84722,                0.82153,                0.62691,                 1.0479,                 1.1125,                 1.0659,             0.00070278,             0.00070278,             0.00070278
                    157,                0.97697,                 1.1467,                 1.0583,                0.81822,                 0.8078,                0.83645,                0.63043,                 1.0918,                 1.1477,                 1.0794,             0.00069807,             0.00069807,             0.00069807
                    158,                0.78306,                 1.1152,                 1.0045,                0.81822,                 0.8078,                0.83645,                0.63043,                 1.0918,                 1.1477,                 1.0794,             0.00069335,             0.00069335,             0.00069335
                    159,                0.80604,                0.85733,                0.94388,                0.73163,                0.84722,                0.83603,                0.62952,                 1.0971,                 1.1395,                 1.0724,             0.00068864,             0.00068864,             0.00068864
                    160,                  0.828,                0.92753,                0.94088,                0.73163,                0.84722,                0.83603,                0.62952,                 1.0971,                 1.1395,                 1.0724,             0.00068392,             0.00068392,             0.00068392
                    161,                0.89669,                 1.0886,                 1.0654,                0.72422,                0.90819,                0.85058,                0.64826,                 1.0819,                 1.0786,                 1.0649,              0.0006792,              0.0006792,              0.0006792
                    162,                0.87353,                0.97984,                 1.0076,                0.72422,                0.90819,                0.85058,                0.64826,                 1.0819,                 1.0786,                 1.0649,             0.00067449,             0.00067449,             0.00067449
                    163,                0.92314,                 1.0411,                 1.0417,                0.72422,                0.90819,                0.85058,                0.64826,                 1.0819,                 1.0786,                 1.0649,             0.00066977,             0.00066977,             0.00066977
                    164,                0.91158,                 1.0112,                 1.0394,                 0.9336,                0.76439,                0.86794,                0.65237,                 1.0944,                 1.0589,                 1.0669,             0.00066506,             0.00066506,             0.00066506
                    165,                0.89745,                0.91514,                 1.0167,                 0.9336,                0.76439,                0.86794,                0.65237,                 1.0944,                 1.0589,                 1.0669,             0.00066034,             0.00066034,             0.00066034
                    166,                0.96434,                 1.0136,                 1.0754,                0.93113,                0.81637,                 0.8843,                0.67227,                 1.0823,                 1.0325,                 1.0673,             0.00065563,             0.00065563,             0.00065563
                    167,                0.90816,                 1.1513,                 1.0955,                0.93113,                0.81637,                 0.8843,                0.67227,                 1.0823,                 1.0325,                 1.0673,             0.00065091,             0.00065091,             0.00065091
                    168,                0.89793,                0.97541,                 1.0108,                0.85901,                0.88485,                0.87407,                0.66791,                 1.0827,                 1.0423,                 1.0739,             0.00064619,             0.00064619,             0.00064619
                    169,                0.85673,                0.91289,                0.95643,                0.85901,                0.88485,                0.87407,                0.66791,                 1.0827,                 1.0423,                 1.0739,             0.00064148,             0.00064148,             0.00064148
                    170,                0.91629,                  1.098,                0.96391,                0.84689,                0.88889,                0.87562,                0.64998,                 1.0798,                 1.0556,                 1.0772,             0.00063676,             0.00063676,             0.00063676
                    171,                0.87022,                0.84126,                 1.0505,                0.84689,                0.88889,                0.87562,                0.64998,                 1.0798,                 1.0556,                 1.0772,             0.00063205,             0.00063205,             0.00063205
                    172,                0.94366,                0.92108,                 1.0101,                0.84689,                0.88889,                0.87562,                0.64998,                 1.0798,                 1.0556,                 1.0772,             0.00062733,             0.00062733,             0.00062733
                    173,                0.79928,                0.81956,                0.97805,                0.86362,                0.88569,                0.88641,                0.64302,                 1.0754,                 1.0761,                 1.0739,             0.00062262,             0.00062262,             0.00062262
                    174,                0.84712,                 1.0053,                 1.0582,                0.86362,                0.88569,                0.88641,                0.64302,                 1.0754,                 1.0761,                 1.0739,              0.0006179,              0.0006179,              0.0006179
                    175,                 0.8544,                0.94754,                 1.0181,                0.85905,                 0.8838,                0.86367,                0.61085,                  1.084,                 1.0891,                 1.0794,             0.00061318,             0.00061318,             0.00061318
                    176,                0.88822,                0.90318,                  1.028,                0.85905,                 0.8838,                0.86367,                0.61085,                  1.084,                 1.0891,                 1.0794,             0.00060847,             0.00060847,             0.00060847
                    177,                0.84686,                0.94323,                 1.0115,                0.85743,                0.91285,                0.87738,                0.60847,                 1.0821,                 1.0526,                 1.0721,             0.00060375,             0.00060375,             0.00060375
                    178,                0.91251,                0.96509,                 1.0606,                0.85743,                0.91285,                0.87738,                0.60847,                 1.0821,                 1.0526,                 1.0721,             0.00059904,             0.00059904,             0.00059904
                    179,                0.95279,                 0.8756,                 1.0105,                0.85743,                0.91285,                0.87738,                0.60847,                 1.0821,                 1.0526,                 1.0721,             0.00059432,             0.00059432,             0.00059432
                    180,                0.89992,                0.95985,                 1.0626,                 0.8762,                0.91093,                0.89053,                0.63386,                  1.077,                  1.045,                 1.0663,             0.00058961,             0.00058961,             0.00058961
                    181,                0.82783,                0.88808,                 1.0324,                 0.8762,                0.91093,                0.89053,                0.63386,                  1.077,                  1.045,                 1.0663,             0.00058489,             0.00058489,             0.00058489
                    182,                0.81111,                 0.8103,                0.97113,                0.74615,                0.95169,                0.85329,                0.62023,                 1.0723,                 1.0541,                  1.061,             0.00058017,             0.00058017,             0.00058017
                    183,                0.89763,                0.95855,                 1.0199,                0.74615,                0.95169,                0.85329,                0.62023,                 1.0723,                 1.0541,                  1.061,             0.00057546,             0.00057546,             0.00057546
                    184,                 0.9688,                 1.1055,                 1.1165,                0.81837,                0.77214,                0.81066,                0.60281,                 1.0926,                 1.0864,                 1.0736,             0.00057074,             0.00057074,             0.00057074
                    185,                0.98165,                  1.001,                 1.0553,                0.81837,                0.77214,                0.81066,                0.60281,                 1.0926,                 1.0864,                 1.0736,             0.00056603,             0.00056603,             0.00056603
                    186,                0.81519,                0.94051,                0.98383,                0.86623,                0.80905,                 0.8153,                0.59765,                 1.0872,                  1.063,                 1.0729,             0.00056131,             0.00056131,             0.00056131
                    187,                0.90875,                0.91509,                 1.0061,                0.86623,                0.80905,                 0.8153,                0.59765,                 1.0872,                  1.063,                 1.0729,              0.0005566,              0.0005566,              0.0005566
                    188,                0.87568,                 0.8696,                 1.0173,                0.86623,                0.80905,                 0.8153,                0.59765,                 1.0872,                  1.063,                 1.0729,             0.00055188,             0.00055188,             0.00055188
                    189,                0.90146,                 1.0145,                 1.0719,                0.75103,                0.88323,                0.81422,                0.61227,                 1.0842,                 1.0327,                 1.0619,             0.00054716,             0.00054716,             0.00054716
                    190,                0.81576,                0.91635,                0.99106,                0.75103,                0.88323,                0.81422,                0.61227,                 1.0842,                 1.0327,                 1.0619,             0.00054245,             0.00054245,             0.00054245
                    191,                0.97589,                 0.9169,                 1.0754,                0.82333,                0.87246,                 0.8157,                0.60963,                 1.0982,                 1.0635,                 1.0698,             0.00053773,             0.00053773,             0.00053773
                    192,                0.82374,                0.93497,                 1.0347,                0.82333,                0.87246,                 0.8157,                0.60963,                 1.0982,                 1.0635,                 1.0698,             0.00053302,             0.00053302,             0.00053302
                    193,                0.82851,                 0.9285,                0.98513,                0.84046,                0.82984,                0.82637,                0.61098,                 1.0632,                 1.0535,                 1.0523,              0.0005283,              0.0005283,              0.0005283
                    194,                0.90909,                0.90805,                 1.0393,                0.84046,                0.82984,                0.82637,                0.61098,                 1.0632,                 1.0535,                 1.0523,             0.00052359,             0.00052359,             0.00052359
                    195,                0.85621,                0.89984,                 1.0157,                0.84046,                0.82984,                0.82637,                0.61098,                 1.0632,                 1.0535,                 1.0523,             0.00051887,             0.00051887,             0.00051887
                    196,                0.93928,                0.96099,                 1.0672,                0.78407,                0.83601,                0.83877,                0.63223,                 1.0514,                 1.0471,                 1.0377,             0.00051415,             0.00051415,             0.00051415
                    197,                0.86988,                0.95131,                 1.0418,                0.78407,                0.83601,                0.83877,                0.63223,                 1.0514,                 1.0471,                 1.0377,             0.00050944,             0.00050944,             0.00050944
                    198,                0.94557,                 0.9493,                  1.029,                0.74158,                0.84758,                0.83771,                0.61963,                 1.0443,                 1.0047,                  1.025,             0.00050472,             0.00050472,             0.00050472
                    199,                0.98289,                 1.0066,                 1.0841,                0.74158,                0.84758,                0.83771,                0.61963,                 1.0443,                 1.0047,                  1.025,             0.00050001,             0.00050001,             0.00050001
                    200,                0.88421,                0.90623,                0.98249,                0.78972,                0.89269,                0.84801,                0.63019,                  1.028,                0.97306,                 1.0104,             0.00049529,             0.00049529,             0.00049529
                    201,                0.89494,                 1.0259,                0.99189,                0.78972,                0.89269,                0.84801,                0.63019,                  1.028,                0.97306,                 1.0104,             0.00049058,             0.00049058,             0.00049058
                    202,                0.81207,                0.77766,                0.98284,                0.78354,                0.88613,                0.86224,                0.65669,                0.99409,                0.95499,                0.99457,             0.00048586,             0.00048586,             0.00048586
                    203,                0.90815,                0.92465,                 1.0334,                0.78354,                0.88613,                0.86224,                0.65669,                0.99409,                0.95499,                0.99457,             0.00048114,             0.00048114,             0.00048114
                    204,                0.85702,                0.88704,                 1.0382,                0.78354,                0.88613,                0.86224,                0.65669,                0.99409,                0.95499,                0.99457,             0.00047643,             0.00047643,             0.00047643
                    205,                 0.8808,                0.82795,                  1.003,                0.77749,                0.92051,                0.84791,                 0.6591,                0.96781,                0.95756,                0.97967,             0.00047171,             0.00047171,             0.00047171
                    206,                0.87499,                0.81553,                0.97576,                0.77749,                0.92051,                0.84791,                 0.6591,                0.96781,                0.95756,                0.97967,               0.000467,               0.000467,               0.000467
                    207,                0.94427,                 0.9856,                 1.0475,                0.79571,                0.90546,                 0.8567,                0.67269,                0.96416,                0.91747,                0.97662,             0.00046228,             0.00046228,             0.00046228
                    208,                0.80199,                 0.9546,                 1.0119,                0.79571,                0.90546,                 0.8567,                0.67269,                0.96416,                0.91747,                0.97662,             0.00045757,             0.00045757,             0.00045757
                    209,                0.86427,                0.82147,                0.98942,                0.79207,                0.90546,                0.85658,                 0.6429,                0.97762,                0.92656,                0.98289,             0.00045285,             0.00045285,             0.00045285
                    210,                0.88599,                0.82879,                 1.0107,                0.79207,                0.90546,                0.85658,                 0.6429,                0.97762,                0.92656,                0.98289,             0.00044813,             0.00044813,             0.00044813
                    211,                0.81974,                0.91579,                 1.0798,                0.79207,                0.90546,                0.85658,                 0.6429,                0.97762,                0.92656,                0.98289,             0.00044342,             0.00044342,             0.00044342
                    212,                0.82653,                0.81967,                 1.0014,                0.81246,                0.88889,                0.84305,                0.63128,                 0.9955,                0.95445,                0.98981,              0.0004387,              0.0004387,              0.0004387
                    213,                0.92265,                0.80117,                0.99422,                0.81246,                0.88889,                0.84305,                0.63128,                 0.9955,                0.95445,                0.98981,             0.00043399,             0.00043399,             0.00043399
                    214,                0.84435,                0.83583,                0.99383,                0.83009,                0.88889,                0.84663,                0.63151,                 1.0177,                0.93984,                0.99753,             0.00042927,             0.00042927,             0.00042927
                    215,                0.79065,                0.91547,                0.98817,                0.83009,                0.88889,                0.84663,                0.63151,                 1.0177,                0.93984,                0.99753,             0.00042456,             0.00042456,             0.00042456
                    216,                0.76548,                0.78526,                 0.9477,                0.83858,                0.88079,                0.85006,                 0.6326,                 1.0288,                0.92129,                  1.005,             0.00041984,             0.00041984,             0.00041984
                    217,                0.89797,                0.87646,                 1.0789,                0.83858,                0.88079,                0.85006,                 0.6326,                 1.0288,                0.92129,                  1.005,             0.00041512,             0.00041512,             0.00041512
                    218,                0.89536,                0.92128,                 1.0217,                0.83689,                 0.8505,                0.84727,                0.64315,                 1.0276,                0.93478,                 1.0085,             0.00041041,             0.00041041,             0.00041041
                    219,                0.90801,                0.99028,                 1.0617,                0.83689,                 0.8505,                0.84727,                0.64315,                 1.0276,                0.93478,                 1.0085,             0.00040569,             0.00040569,             0.00040569
                    220,                0.92958,                0.93623,                 1.0774,                0.83689,                 0.8505,                0.84727,                0.64315,                 1.0276,                0.93478,                 1.0085,             0.00040098,             0.00040098,             0.00040098
                    221,                 0.7487,                0.91666,                 1.0154,                0.90395,                0.84468,                 0.8555,                0.64696,                  1.013,                0.92864,                 1.0037,             0.00039626,             0.00039626,             0.00039626
                    222,                0.74662,                0.83254,                0.92041,                0.90395,                0.84468,                 0.8555,                0.64696,                  1.013,                0.92864,                 1.0037,             0.00039155,             0.00039155,             0.00039155
                    223,                0.80827,                0.79694,                0.95854,                0.90074,                 0.8421,                0.85171,                0.64387,                 1.0012,                0.91616,                 0.9994,             0.00038683,             0.00038683,             0.00038683
                    224,                0.85688,                0.91692,                 1.0446,                0.90074,                 0.8421,                0.85171,                0.64387,                 1.0012,                0.91616,                 0.9994,             0.00038211,             0.00038211,             0.00038211
                    225,                0.88156,                0.89529,                 1.0063,                0.90127,                0.84722,                0.85638,                0.65799,                0.99819,                0.92029,                0.99658,              0.0003774,              0.0003774,              0.0003774
                    226,                0.79488,                0.87891,                0.98792,                0.90127,                0.84722,                0.85638,                0.65799,                0.99819,                0.92029,                0.99658,             0.00037268,             0.00037268,             0.00037268
                    227,                0.84206,                0.90112,                0.98303,                0.90127,                0.84722,                0.85638,                0.65799,                0.99819,                0.92029,                0.99658,             0.00036797,             0.00036797,             0.00036797
                    228,                0.88986,                0.92524,                 1.0618,                0.89475,                0.84424,                0.84922,                0.65096,                 1.0101,                0.94065,                  1.003,             0.00036325,             0.00036325,             0.00036325
                    229,                0.85973,                 0.8525,                 1.0273,                0.89475,                0.84424,                0.84922,                0.65096,                 1.0101,                0.94065,                  1.003,             0.00035854,             0.00035854,             0.00035854
                    230,                0.86839,                0.84403,                0.95596,                0.89684,                0.84314,                0.84047,                0.63987,                  1.028,                0.94676,                 1.0146,             0.00035382,             0.00035382,             0.00035382
                    231,                 0.8409,                0.85154,                 1.0092,                0.89684,                0.84314,                0.84047,                0.63987,                  1.028,                0.94676,                 1.0146,              0.0003491,              0.0003491,              0.0003491
                    232,                0.84102,                0.80196,                0.99418,                0.89738,                0.84761,                0.83704,                0.62966,                 1.0318,                0.92984,                  1.021,             0.00034439,             0.00034439,             0.00034439
                    233,                0.84594,                0.77429,                0.97475,                0.89738,                0.84761,                0.83704,                0.62966,                 1.0318,                0.92984,                  1.021,             0.00033967,             0.00033967,             0.00033967
                    234,                0.84957,                   0.83,                0.99418,                0.87997,                0.85185,                 0.8367,                0.62358,                 1.0438,                0.94183,                 1.0314,             0.00033496,             0.00033496,             0.00033496
                    235,                0.87634,                0.93752,                 1.0682,                0.87997,                0.85185,                 0.8367,                0.62358,                 1.0438,                0.94183,                 1.0314,             0.00033024,             0.00033024,             0.00033024
                    236,                0.83001,                0.85082,                 1.0178,                0.87997,                0.85185,                 0.8367,                0.62358,                 1.0438,                0.94183,                 1.0314,             0.00032553,             0.00032553,             0.00032553
                    237,                0.84606,                0.86726,                0.95848,                0.87711,                0.85185,                0.84043,                0.63617,                 1.0411,                0.95168,                 1.0301,             0.00032081,             0.00032081,             0.00032081
                    238,                0.96721,                0.88798,                 1.0783,                0.87711,                0.85185,                0.84043,                0.63617,                 1.0411,                0.95168,                 1.0301,             0.00031609,             0.00031609,             0.00031609
                    239,                0.87299,                 0.8226,                0.98704,                0.82254,                0.85185,                0.82434,                0.62775,                 1.0518,                 1.0001,                 1.0402,             0.00031138,             0.00031138,             0.00031138
                    240,                0.86198,                0.89656,                 1.0411,                0.82254,                0.85185,                0.82434,                0.62775,                 1.0518,                 1.0001,                 1.0402,             0.00030666,             0.00030666,             0.00030666
                    241,                0.80994,                0.84345,                0.99047,                0.81063,                0.81662,                0.82266,                0.62669,                 1.0515,                0.99536,                 1.0438,             0.00030195,             0.00030195,             0.00030195
                    242,                0.81516,                 0.8669,                 1.0059,                0.81063,                0.81662,                0.82266,                0.62669,                 1.0515,                0.99536,                 1.0438,             0.00029723,             0.00029723,             0.00029723
                    243,                0.85319,                0.80494,                 1.0398,                0.81063,                0.81662,                0.82266,                0.62669,                 1.0515,                0.99536,                 1.0438,             0.00029252,             0.00029252,             0.00029252
                    244,                0.80995,                0.72507,                0.97015,                0.82399,                 0.8322,                0.82411,                0.62596,                 1.0529,                0.99263,                  1.044,              0.0002878,              0.0002878,              0.0002878
                    245,                0.83262,                0.76401,                 1.0011,                0.82399,                 0.8322,                0.82411,                0.62596,                 1.0529,                0.99263,                  1.044,             0.00028308,             0.00028308,             0.00028308
                    246,                0.80086,                0.84946,                 1.0417,                 0.8211,                0.80189,                0.81259,                0.60561,                 1.0752,                 1.0142,                 1.0544,             0.00027837,             0.00027837,             0.00027837
                    247,                0.79391,                  0.849,                   1.06,                 0.8211,                0.80189,                0.81259,                0.60561,                 1.0752,                 1.0142,                 1.0544,             0.00027365,             0.00027365,             0.00027365
                    248,                  0.833,                0.90121,                 1.0695,                0.80283,                0.84222,                0.81493,                0.59695,                 1.0936,                 1.0276,                 1.0642,             0.00026894,             0.00026894,             0.00026894
                    249,                 1.0324,                 1.0427,                 1.2055,                0.80283,                0.84222,                0.81493,                0.59695,                 1.0936,                 1.0276,                 1.0642,             0.00026422,             0.00026422,             0.00026422
                    250,                0.79498,                0.76684,                0.98199,                0.80223,                0.83667,                0.82544,                 0.6167,                  1.076,                 1.0175,                 1.0582,             0.00025951,             0.00025951,             0.00025951
                    251,                0.76438,                0.76131,                0.96334,                0.80223,                0.83667,                0.82544,                 0.6167,                  1.076,                 1.0175,                 1.0582,             0.00025479,             0.00025479,             0.00025479
                    252,                0.85751,                0.83703,                 1.0312,                0.80223,                0.83667,                0.82544,                 0.6167,                  1.076,                 1.0175,                 1.0582,             0.00025007,             0.00025007,             0.00025007
                    253,                0.84016,                0.79819,                 1.0027,                0.82288,                0.83634,                0.81209,                0.61022,                 1.0506,                0.98808,                 1.0468,             0.00024536,             0.00024536,             0.00024536
                    254,                 0.8655,                0.84903,                 1.0219,                0.82288,                0.83634,                0.81209,                0.61022,                 1.0506,                0.98808,                 1.0468,             0.00024064,             0.00024064,             0.00024064
                    255,                0.80802,                0.88802,                 1.0318,                0.82195,                0.83601,                0.82214,                0.61955,                 1.0343,                0.97506,                  1.045,             0.00023593,             0.00023593,             0.00023593
                    256,                0.83636,                0.85046,                0.99729,                0.82195,                0.83601,                0.82214,                0.61955,                 1.0343,                0.97506,                  1.045,             0.00023121,             0.00023121,             0.00023121
                    257,                0.75964,                 0.6976,                0.93267,                0.83043,                0.84756,                0.81148,                0.61638,                0.99844,                0.94805,                 1.0337,              0.0002265,              0.0002265,              0.0002265
                    258,                0.77354,                0.74556,                0.96129,                0.83043,                0.84756,                0.81148,                0.61638,                0.99844,                0.94805,                 1.0337,             0.00022178,             0.00022178,             0.00022178
                    259,                0.83042,                0.81033,                  1.031,                0.83043,                0.84756,                0.81148,                0.61638,                0.99844,                0.94805,                 1.0337,             0.00021707,             0.00021707,             0.00021707
                    260,                0.78875,                0.72966,                0.95816,                0.87936,                0.80664,                0.81704,                0.62013,                0.97274,                0.92025,                 1.0182,             0.00021235,             0.00021235,             0.00021235
                    261,                0.77919,                0.77609,                0.94659,                0.87936,                0.80664,                0.81704,                0.62013,                0.97274,                0.92025,                 1.0182,             0.00020763,             0.00020763,             0.00020763
                    262,                0.88145,                0.87186,                  1.064,                0.86743,                0.83787,                0.82335,                0.63749,                0.94958,                0.90142,                 1.0018,             0.00020292,             0.00020292,             0.00020292
                    263,                0.79332,                0.70511,                0.93961,                0.86743,                0.83787,                0.82335,                0.63749,                0.94958,                0.90142,                 1.0018,              0.0001982,              0.0001982,              0.0001982
                    264,                0.80398,                0.94825,                 1.0119,                0.87212,                0.84106,                0.82418,                0.65083,                0.94127,                0.90232,                  0.995,             0.00019349,             0.00019349,             0.00019349
                    265,                0.79246,                0.83093,                 1.0371,                0.87212,                0.84106,                0.82418,                0.65083,                0.94127,                0.90232,                  0.995,             0.00018877,             0.00018877,             0.00018877
                    266,                0.80426,                0.84929,                0.98776,                0.84803,                0.84161,                0.82556,                0.65162,                0.93814,                0.91804,                0.99199,             0.00018406,             0.00018406,             0.00018406
                    267,                0.83683,                0.75908,                0.97154,                0.84803,                0.84161,                0.82556,                0.65162,                0.93814,                0.91804,                0.99199,             0.00017934,             0.00017934,             0.00017934
